"TILE_ID","FILTER_ID","REF_TILE_ID","name","RA","DEC","hpix5","ZPT","ERRZPT","CALIB_PROCEDURE","NOISE","NOISE_RMS","ADULEVEL","ADULEVEL_RMS","NCOMBINED","TEXPOSED","EFECTIME","EXPTIME","FWHMG","FWHMG_RMS","FWHM_MIN","FWHM_MAX","FWHM_MEAN","MOFFATBETA_MEAN","ELLIPTICITY_MEAN","PIXSCALE","DATASUM","CHECKSUM","SINGLE_CATALOGUE_DATASUM","DUAL_CATALOGUE_DATASUM","DEPTH2FWHM5S","DEPTH3ARC5S","DEPTHARCSEC2","M50S","KS","M50G","KG","APER_COR_6_0","APER_COR_ERR_6_0","APER_COR_6_0_DUAL","APER_COR_3_0","OBSERVATION_DATES","A_CALIB","B_CALIB","C_CALIB"
85282,6,85283,"1000001-JPLUS-00556-v202202_J0378_swp",144.7648,27.6581,1150,20.6417,0.012,9,0.0327,0.0014,0.001,0.0,3,183.81,183.47,1.0,1.595,0.031,1.49165,1.66317,1.50941,2.63465,0.0188389,0.5556,2924139996,"41e3036e8fb4ba29760a2ea9eed4e76c",3231508894,1578561904,20.933657,20.940445,22.002111,20.916042,5.8708153,20.564518,4.6984954,-0.101746,0.00352903,,"[-3.133528972e-01, 8.456727715e-06,-6.545841192e-10, 7.323508573e-06,-2.434175285e-09, 1.412444021e-13,-4.487415483e-10, 1.259255711e-13,-6.115572570e-18]","2019-03-08T23:09:07 2019-03-08T23:10:38 2019-03-08T23:12:05",-3.77e-07,1.8e-06,-0.004735
88565,7,88562,"1000001-JPLUS-01203-v202202_J0395_swp",155.2496,36.0123,1337,20.354,0.0112,9,0.0293,0.0016,0.001,0.0,3,201.81,201.42,1.0,1.154,0.025,1.09842,1.25775,1.14931,2.84209,0.00507235,0.5556,3737637786,"f0e8264ea7fdcff70fe96e5cec02d38f",4287255432,798343606,21.04478,20.755646,21.817312,20.917439,5.7585545,20.541824,5.024843,-0.0907586,0.0036641,,"[-2.064055562e-01, 5.863954290e-06,-3.720697310e-10, 4.358374327e-06,-7.002463093e-10, 4.515012230e-14,-3.018989329e-10, 3.925848534e-14,-1.716246741e-18]","2022-02-03T01:40:11 2022-02-03T01:41:46 2022-02-03T01:43:21",8.06e-07,1.788e-06,-0.011286
87471,2,87481,"1000001-JPLUS-01007-v202202_gSDSS_swp",186.6046,33.2276,7133,23.6988,0.006,9,0.2246,0.0126,0.018,0.01,3,74.01,73.83,1.0,1.432,0.032,1.33901,1.58278,1.44553,2.96538,0.0133085,0.5556,3242920300,"a3c83b0b0210da38fe078491fcca6687",2902389546,375644350,21.94045,21.900291,22.961956,21.952362,5.0950603,21.602863,4.8730993,-0.107761,0.00165915,,"[-2.667752811e-01, 9.332113857e-06,-4.820651117e-10, 7.674999174e-06,-1.960898872e-09, 1.181537774e-13,-5.656229294e-10, 1.178207146e-13,-6.025713354e-18]","2019-03-27T01:41:49 2019-03-27T01:42:41 2019-03-27T01:43:32",3.62e-07,3.72e-07,-0.003376
86377,4,86371,"1000001-JPLUS-00847-v202202_zSDSS_swp",105.8119,31.8352,1582,22.8566,0.0066,9,0.3363,0.0215,0.008,0.03,3,81.69,81.65,1.0,1.03,0.071,0.913356,1.1071,0.960555,3.23536,0.0201795,0.5556,3742311786,"df76d4d28a0154f4b991f5089beb1d6b",3591117530,867218574,21.07192,20.587997,21.649664,20.728283,6.2803345,20.272377,4.3774176,-0.127351,0.0052483,,"[-1.947385163e-01,-8.063728277e-07,-7.714860374e-11, 3.669025147e-06,-1.393183814e-09, 5.861222663e-14,-2.006001205e-10, 9.780443455e-14,-3.582586252e-18]","2020-11-23T02:40:18 2020-11-23T02:41:12 2020-11-23T02:42:06",1.492e-06,1.31e-07,-0.007569
90788,8,90791,"1000001-JPLUS-01576-v202202_J0410_swp",268.0,40.1895,2388,21.4406,0.0075,9,0.0537,0.0028,0.003,0.0,3,120.9,120.84,1.0,1.411,0.04,1.31585,1.49071,1.32476,2.95659,0.0208862,0.5556,2755465228,"c98774bc699975a7c0190e3412db8d9a",2317451390,1892686833,21.320765,21.185879,22.247545,21.191921,6.631992,20.875063,4.7579536,-0.0891471,0.00248538,,"[-2.185151109e-01,-7.089798160e-06, 1.942647318e-10,-1.075955080e-06, 3.583770907e-09,-1.992007838e-13,-7.185948272e-11,-1.097760811e-13, 7.116675439e-18]","2018-06-19T01:04:24 2018-06-19T01:05:33 2018-06-19T01:06:40",-3.27e-07,9.46e-07,-0.002
91894,7,91892,"1000001-JPLUS-01773-v202202_J0395_swp",273.1293,42.9742,3753,20.262,0.0112,9,0.0286,0.0016,0.001,0.0,3,213.39,212.92,1.0,1.092,0.026,1.06299,1.19961,1.11583,4.25147,0.0192205,0.5556,2492739693,"1610420368dd6b0b2b4a6494c4dc85f6",1117730622,3786425286,20.995132,20.6739,21.735565,20.938723,7.315512,20.499207,4.482783,-0.0734899,0.00159108,,"[-1.551229414e-01, 4.744899698e-06,-3.155249861e-10, 3.991063933e-07, 3.646384355e-10, 4.548832662e-15,-3.543919755e-11,-4.462801967e-14, 1.467449378e-18]","2018-09-02T21:51:20 2018-09-02T21:52:59 2018-09-02T21:54:38",-2.321e-06,1.615e-06,0.006844
89694,4,89679,"1000001-JPLUS-01407-v202202_zSDSS_swp",146.507,38.7971,1421,22.8062,0.0066,9,0.303,0.0143,0.013,0.02,3,82.5,82.41,1.0,0.974,0.065,0.922574,1.01926,0.948365,4.3048,0.0137915,0.5556,4264520197,"b1c1b9b4abcc55975acc68af174ba9e9",3195563432,3396130062,21.141998,20.644209,21.705873,20.924599,5.5239472,20.447577,4.035143,-0.103918,0.00274718,,"[-1.494998703e-01,-4.422194398e-06, 1.056611075e-10,-1.881384049e-06, 1.188762146e-09,-5.902687166e-14, 5.458199043e-11,-3.004327546e-14, 2.097612820e-18]","2022-01-30T02:26:38 2022-01-30T02:27:33 2022-01-30T02:28:28",-3.37e-07,9.03e-07,-0.002446
92999,4,92993,"1000001-JPLUS-02048-v202202_zSDSS_swp",273.4626,47.1514,3768,22.6304,0.0066,9,0.2914,0.0163,0.015,0.02,3,79.29,79.21,1.0,1.066,0.03,1.02269,1.10204,1.05156,4.1086,0.0307164,0.5556,2937523062,"11746b7deda315b306f4d064f0444b47",2146813422,3139494618,20.904234,20.51859,21.580257,20.698803,5.8350677,20.27018,4.5085263,-0.103825,0.00213793,,"[-1.629031655e-01, 5.500225498e-06,-2.968404029e-10, 5.425978991e-06,-2.089994501e-09, 8.416452764e-14,-2.778558364e-10, 1.053752789e-13,-4.093943213e-18]","2019-08-05T01:35:55 2019-08-05T01:36:48 2019-08-05T01:37:42",-4.8e-08,9.64e-07,-0.004591
95211,6,95210,"1000001-JPLUS-02516-v202202_J0378_swp",229.2074,55.5056,2843,20.4271,0.012,9,0.0337,0.0019,0.001,0.0,3,187.8,187.54,1.0,1.049,0.03,1.03331,1.14272,1.03738,5.49913,0.0113316,0.5556,1747167949,"8cf53155726b8d7e9f308d7df58573a2",3678654186,4078685335,21.096125,20.69574,21.757406,20.918743,6.215908,20.544443,4.3790116,-0.0635058,0.00211965,,"[-1.460661073e-01, 6.002873935e-06,-4.763322802e-10, 3.455105426e-06,-1.139353227e-09, 9.462627767e-14,-1.170734874e-10, 3.278569768e-14,-2.968382150e-18]","2017-06-27T00:59:44 2017-06-27T01:01:15 2017-06-27T01:02:46",1.607e-06,3.043e-06,-0.024364
96305,11,96301,"1000001-JPLUS-02747-v202202_J0660_swp",284.3908,59.6828,3828,21.1124,0.0062,9,0.0407,0.0023,0.003,0.0,3,203.79,202.88,1.0,1.094,0.029,1.04432,1.0877,1.04438,3.49389,0.0160866,0.5556,4166686216,"fca4f10dc092460d57e198d387f59aab",671492332,4002099322,21.54091,21.14783,22.209494,21.32917,7.320598,20.93343,4.4580975,-0.0880666,0.00193557,,"[-1.689091256e-01, 2.734498357e-06,-1.251310094e-10, 7.194339939e-06,-1.053951868e-09, 1.910037560e-14,-3.516441513e-10, 7.387423619e-14,-1.741117969e-18]","2018-07-17T02:30:17 2018-07-17T02:31:53 2018-07-17T02:33:28",1.426e-06,8.22e-07,-0.010713
98505,2,98502,"1000001-JPLUS-03473-v202202_gSDSS_swp",41.0027,0.4809,4438,23.5511,0.006,9,0.2562,0.0117,0.021,0.02,3,37.5,37.49,1.0,1.748,0.055,1.56671,1.74591,1.61096,2.75917,0.0292166,0.5556,310568364,"3f4b3068b323c63cbf5a39c63d3291cd",3768296519,1694755578,21.520884,21.598368,22.660032,21.510437,6.037895,21.170506,4.766784,-0.120489,0.0027896,,"[-3.471410001e-01, 6.246251591e-06,-5.490307116e-10, 1.508501726e-05,-3.825387875e-09, 1.684586318e-13,-8.052208760e-10, 2.290163322e-13,-9.516148459e-18]","2021-10-13T03:10:58 2021-10-13T03:11:37 2021-10-13T03:12:16",9.91e-07,2.81e-07,-0.005254
99599,8,99598,"1000001-JPLUS-03588-v202202_J0410_swp",28.618,6.0505,4560,21.2441,0.0075,9,0.058,0.0029,0.003,0.0,3,119.31,119.09,1.0,0.964,0.034,0.981701,1.08454,1.00531,9.99111,0.0302361,0.5556,2585205231,"d1351c6d300bbe9b2f675738033ec084",4034338681,4032040250,21.342724,20.908245,21.96991,21.24432,6.09841,20.826548,4.4027324,-0.065594,0.00133569,,"[-1.146500885e-01,-1.561830477e-06,-4.558274144e-11,-3.509466284e-06, 1.978476750e-09,-7.148482237e-14, 1.457280379e-10,-1.098809461e-13, 4.802077581e-18]","2017-11-22T00:16:12 2017-11-22T00:17:19 2017-11-22T00:18:27",5.7e-07,8.93e-07,-0.006325
101787,7,101783,"1000001-JPLUS-04238-v202202_J0395_swp",22.5565,28.3285,527,20.3087,0.0112,9,0.0295,0.0019,0.001,0.0,3,201.9,201.33,1.0,1.399,0.023,1.30227,1.4448,1.33162,2.33548,0.00580319,0.5556,242729279,"b7d004e104355bde4fcab6caae93c5aa",1305385412,1393647601,20.864538,20.73526,21.796925,20.728989,6.213951,20.389112,4.6236687,-0.114878,0.00407554,,"[-2.744538007e-01, 4.489091426e-07,-1.981202596e-10,-9.144737863e-07, 1.288213515e-09,-3.645035561e-14, 3.232651404e-12,-6.525880490e-14, 2.734850455e-18]","2021-12-30T21:02:19 2021-12-30T21:03:53 2021-12-30T21:05:28",-2.89e-07,2.592e-06,-0.008731
102881,3,102887,"1000001-JPLUS-04395-v202202_iSDSS_swp",355.7469,33.898,5101,23.2125,0.0057,9,0.252,0.0125,0.01,0.02,3,105.9,105.68,1.0,1.326,0.028,1.23469,1.28278,1.24828,2.73443,0.0201597,0.5556,1429511538,"f06fd3703dcc051552d7a224c95afe05",3361143166,2252548381,21.461761,21.262314,22.323978,21.299278,7.263785,20.91669,4.351679,-0.115908,0.00250877,,"[-2.357407831e-01, 5.370712586e-06,-2.977381958e-10, 6.433104575e-06,-2.428442297e-09, 1.103018629e-13,-3.176901126e-10, 1.279598752e-13,-5.679017805e-18]","2021-08-16T23:16:59 2021-08-16T23:18:02 2021-08-16T23:19:05",4.5e-07,8.66e-07,-0.006005
100693,3,100691,"1000001-JPLUS-03871-v202202_iSDSS_swp",330.7248,17.1895,3154,23.3227,0.0057,9,0.2198,0.0116,0.013,0.02,3,100.5,100.49,1.0,1.18,0.028,1.10382,1.19335,1.11177,3.0045,0.00713448,0.5556,1347228284,"abcd09c99ca5a49c16a1e20e6851976c",106891148,2103157550,21.839937,21.514746,22.576412,21.608902,6.6884704,21.240484,4.3409834,-0.10393,0.0026136,,"[-1.834623043e-01, 3.105436054e-06,-2.415906761e-10, 3.107665510e-06,-6.304658571e-10, 3.163845572e-14,-2.009563782e-10, 3.393020375e-14,-1.129114956e-18]","2019-07-29T01:39:45 2019-07-29T01:40:46 2019-07-29T01:41:46",2.34e-07,1.367e-06,-0.007432
101788,4,101783,"1000001-JPLUS-04238-v202202_zSDSS_swp",22.5565,28.3285,527,22.7864,0.0066,9,0.3678,0.0143,0.012,0.03,3,82.8,82.74,1.0,1.117,0.031,1.05195,1.17164,1.09974,2.66665,0.0228406,0.5556,1783785824,"b926af1bcf9a2b34ccbdc0b368a374f4",3004123616,2479818010,20.75879,20.421785,21.483452,20.542671,6.0189404,20.18351,4.671246,-0.125338,0.0024236,,"[-1.960250125e-01,-1.076240941e-06, 8.863095365e-12, 9.011499333e-07, 2.523604612e-10,-1.490978263e-14,-1.202576039e-10, 1.330548732e-14,-1.743620208e-19]","2021-12-30T21:07:03 2021-12-30T21:07:57 2021-12-30T21:08:52",4.17e-07,1.181e-06,-0.006754
99600,10,99598,"1000001-JPLUS-03588-v202202_J0515_swp",28.618,6.0505,4560,21.5352,0.0066,9,0.0693,0.0041,0.005,0.0,3,107.19,107.06,1.0,0.939,0.049,0.945442,1.05521,0.960255,9.99822,0.0129913,0.5556,182589847,"2629ab8e454069ebc6f91194962c4139",583261338,1265953115,21.478243,20.993982,22.055647,21.30459,6.998558,20.946016,4.387062,-0.0708328,0.00134402,,"[-1.048692516e-01,-1.861868904e-06,-1.445961147e-11,-7.712684209e-07, 1.616874849e-09,-6.628061177e-14,-2.139251428e-12,-6.261119169e-14, 2.955239572e-18]","2017-11-22T00:13:03 2017-11-22T00:14:06 2017-11-22T00:15:09",2.62e-07,1.59e-07,-0.002085
99601,2,99598,"1000001-JPLUS-03588-v202202_gSDSS_swp",28.618,6.0505,4560,23.5458,0.006,9,0.2497,0.0116,0.025,0.02,3,37.41,37.41,1.0,1.092,0.029,1.06736,1.19423,1.1138,5.56277,0.0965182,0.5556,1071635545,"4e1d155144740c92a46b8a340b2ef435",1166493242,607647590,21.944479,21.62127,22.682934,21.896456,5.9098573,21.472504,4.329166,-0.0751989,0.00126629,,"[-1.324325147e-01, 1.487475616e-06,-1.668916791e-10, 1.251912188e-06, 5.462284510e-10, 4.122552928e-16,-1.723136310e-10,-1.090224051e-14,-9.990782242e-20]","2017-11-22T00:31:26 2017-11-22T00:32:06 2017-11-22T00:32:45",1.864e-06,-6.7e-08,-0.008758
101789,5,101797,"1000001-JPLUS-04240-v202202_uJAVA_swp",25.6942,28.3285,536,21.1683,0.0131,9,0.0534,0.003,0.002,0.0,3,120.0,119.96,1.0,1.108,0.032,1.03647,1.21841,1.06772,2.65425,0.00940851,0.5556,2562542124,"c6bd4a28474772ccfc7635e82a4c2dfa",4259254465,1897597244,21.298046,20.928963,21.990627,21.094036,6.06008,20.724827,4.510626,-0.0883099,0.00329373,,"[-1.915998004e-01,-7.696436027e-07,-1.412143009e-10,-6.614012232e-07, 1.480942912e-09,-3.917825762e-14,-4.257634267e-11,-5.903576759e-14, 1.930567667e-18]","2019-12-30T19:12:04 2019-12-30T19:13:11 2019-12-30T19:14:17",-1.013e-06,1.37e-06,-0.003305
99602,6,99598,"1000001-JPLUS-03588-v202202_J0378_swp",28.618,6.0505,4560,20.3907,0.012,9,0.035,0.0017,0.002,0.0,3,184.29,183.9,1.0,0.999,0.035,1.00895,1.10068,1.01508,6.50332,0.0291451,0.5556,427240680,"3ede1c6b4a2478b923f089314abfece7",712165860,2304028059,21.057623,20.633644,21.69531,20.948624,5.2587924,20.58733,4.163264,-0.0646633,0.00173592,,"[-1.256672633e-01,-2.051219122e-06,-6.627146287e-12,-1.295478405e-06, 1.588397057e-09,-6.116626494e-14, 4.232154722e-11,-8.358974641e-14, 3.837516345e-18]","2017-11-22T00:22:10 2017-11-22T00:23:38 2017-11-22T00:25:07",-1.174e-06,1.865e-06,0.002257
99603,7,99598,"1000001-JPLUS-03588-v202202_J0395_swp",28.618,6.0505,4560,20.2648,0.0112,9,0.0306,0.0015,0.002,0.0,3,202.8,202.59,1.0,1.076,0.022,1.0625,1.16572,1.10418,3.96532,0.0377216,0.5556,3054758757,"5845195b183a023ff2c610b20bbc7ec2",2628733503,1441419040,20.96914,20.63651,21.698177,20.827785,6.4584417,20.497625,4.52462,-0.0701404,0.00257816,,"[-1.584804549e-01, 3.204135911e-06,-2.457528533e-10, 2.889729459e-06, 2.229334291e-10,-6.055421313e-15,-2.298210513e-10,-1.265784644e-14, 1.303076018e-18]","2017-11-22T00:33:31 2017-11-22T00:35:05 2017-11-22T00:36:40",6.09e-07,1.513e-06,-0.005651
101790,5,101783,"1000001-JPLUS-04238-v202202_uJAVA_swp",22.5565,28.3285,527,21.0774,0.0131,9,0.0566,0.0029,0.002,0.0,3,110.91,110.79,1.0,1.358,0.022,1.2692,1.42469,1.33725,2.51596,0.0243684,0.5556,4091607791,"e0704a425937147dbf3132ee2e73594e",1217834861,2776485199,20.892471,20.767775,21.82944,20.831417,5.6798987,20.447798,4.547596,-0.0991911,0.00310221,,"[-2.655455416e-01, 3.665515317e-06,-2.995978700e-10, 4.102093177e-06,-4.119214480e-10, 5.680233312e-14,-2.492025903e-10, 1.278593934e-14,-2.062715303e-18]","2021-12-30T20:32:15 2021-12-30T20:33:19 2021-12-30T20:34:23",-3.244e-06,3.859e-06,-0.007474
99604,11,99598,"1000001-JPLUS-03588-v202202_J0660_swp",28.618,6.0505,4560,21.1011,0.0062,9,0.048,0.0024,0.004,0.0,3,198.6,198.37,1.0,0.945,0.034,0.95766,1.07581,0.999619,9.98904,0.0268484,0.5556,4054825270,"55fe1b865717199e86c50db49f7f162b",2436007946,4075112378,21.391354,20.950712,22.012377,21.270199,6.6153216,20.840406,4.02198,-0.0779384,0.00122064,,"[-1.136484221e-01, 4.394991970e-07,-8.478613294e-11, 2.260834554e-06, 2.382826134e-10,-7.202887811e-15,-1.823964058e-10, 1.006803237e-14,-1.773256093e-19]","2017-11-22T00:26:43 2017-11-22T00:28:16 2017-11-22T00:29:50",3.332e-06,1.695e-06,-0.023467
102882,5,102887,"1000001-JPLUS-04395-v202202_uJAVA_swp",355.7469,33.898,5101,20.6596,0.0131,9,0.0534,0.0036,0.003,0.0,3,128.31,126.91,1.0,1.604,0.043,1.47119,1.6976,1.56088,2.77816,0.0259653,0.5556,3976432274,"dafd32c21c2c32da347776fddb2e9f6f",296445692,2017037279,20.381765,20.424961,21.486628,20.422142,6.4304547,20.062017,5.4155383,-0.0973021,0.004015,,"[-3.393996145e-01, 1.662400303e-05,-8.470704714e-10, 1.155187992e-05,-4.442221257e-09, 2.574183753e-13,-6.587513895e-10, 2.126315377e-13,-1.159393973e-17]","2021-08-16T23:20:17 2021-08-16T23:21:27 2021-08-16T23:22:36",5.07e-07,2.851e-06,-0.017096
101791,3,101797,"1000001-JPLUS-04240-v202202_iSDSS_swp",25.6942,28.3285,536,23.3588,0.0057,9,0.1946,0.0083,0.008,0.02,3,111.9,111.84,1.0,0.972,0.05,0.902878,0.939247,0.90675,3.58287,0.00821237,0.5556,2318695479,"819a554b1578662518c6217cf38c7f6a",4133786552,1008458499,22.229467,21.682959,22.744623,21.853506,6.586823,21.437054,4.524122,-0.098148,0.00318081,,"[-1.569751626e-01,-4.752301655e-06, 1.257681854e-10,-1.986806793e-06, 1.722391373e-09,-8.726200211e-14, 7.577249183e-11,-5.782937237e-14, 3.316546550e-18]","2019-12-30T19:08:40 2019-12-30T19:09:45 2019-12-30T19:10:49",4.86e-07,1.143e-06,-0.007516
88566,2,88562,"1000001-JPLUS-01203-v202202_gSDSS_swp",155.2496,36.0123,1337,23.6024,0.006,9,0.244,0.0104,0.022,0.01,3,36.6,36.56,1.0,1.075,0.022,1.02966,1.17471,1.07477,3.21444,0.0112508,0.5556,3334781726,"0960991d3dfe9f253163095a03958884",3170264104,3803230837,22.06728,21.705341,22.767006,21.915604,7.091212,21.571064,4.425505,-0.0891625,0.00254709,,"[-1.782498757e-01, 3.135037445e-06,-2.062583108e-10, 5.248521371e-06, 8.794358490e-11,-4.871858514e-15,-3.186819021e-10,-3.659544680e-15, 6.913531562e-19]","2022-02-03T01:38:12 2022-02-03T01:38:52 2022-02-03T01:39:31",3.64e-07,-1.96e-07,-0.000981
88567,4,88562,"1000001-JPLUS-01203-v202202_zSDSS_swp",155.2496,36.0123,1337,22.818,0.0066,9,0.2347,0.0122,0.018,0.02,3,83.1,82.72,1.0,1.059,0.053,0.960071,1.33319,1.06499,3.64618,0.0282973,0.5556,2170237462,"b44c0f9e75620939d2c82c9904e6c5e8",2860823074,2533660378,21.304398,20.932533,21.994198,21.085602,6.6617584,20.755693,4.889621,-0.113235,0.00241918,,"[-1.742945501e-01, 3.598928549e-06,-1.634918302e-10, 4.703317562e-06,-3.218926501e-10, 6.643535662e-15,-3.320750735e-10, 3.921286954e-14,-9.816251633e-19]","2022-02-03T01:44:57 2022-02-03T01:45:52 2022-02-03T01:46:47",-4.4e-07,5.07e-07,-0.00037
88568,3,88573,"1000001-JPLUS-01217-v202202_iSDSS_swp",179.0968,36.0123,7161,23.3653,0.0057,9,0.2468,0.0092,0.008,0.02,3,99.3,99.22,1.0,0.975,0.044,0.953026,0.999697,0.963805,9.72637,0.0119128,0.5556,2607840517,"c9849a9da3b0642506bfa051d95115d0",2919057517,947220374,21.909208,21.428951,22.490618,21.699806,6.904409,21.337446,4.486676,-0.0800729,0.00228305,,"[-1.107128010e-01,-2.208760613e-06, 6.938705210e-11,-9.775342052e-07, 1.615769972e-09,-7.710489262e-14, 4.664442948e-11,-7.310837111e-14, 3.771123117e-18]","2020-01-05T05:08:00 2020-01-05T05:09:01 2020-01-05T05:10:05",5.83e-07,1.243e-06,-0.008326
88569,5,88573,"1000001-JPLUS-01217-v202202_uJAVA_swp",179.0968,36.0123,7161,21.1654,0.0131,9,0.0554,0.0039,0.003,0.0,3,111.3,111.26,1.0,1.056,0.028,1.03997,1.1571,1.05327,3.89682,0.0212665,0.5556,1725719221,"11cfe124b62898b977b4aeed6db20b10",3796787942,2590675584,21.30592,20.92204,21.983706,21.158163,6.3734617,20.743841,4.556115,-0.0681635,0.00249002,,"[-1.577761356e-01, 3.222373969e-06,-2.438188738e-10, 1.150129359e-06, 4.986794053e-10,-2.561861712e-14, 2.156014584e-13,-6.053989562e-14, 3.443436874e-18]","2020-01-05T05:11:15 2020-01-05T05:12:20 2020-01-05T05:13:24",-2.381e-06,1.669e-06,0.004353
88570,9,88573,"1000001-JPLUS-01217-v202202_J0430_swp",179.0968,36.0123,7161,21.3533,0.0074,9,0.0558,0.0025,0.003,0.0,3,117.39,117.3,1.0,1.022,0.041,0.996307,1.10027,1.0177,5.9385,0.0206524,0.5556,2224784103,"3aeec76c0a15b2974da00095b2664035",106156773,3731622870,21.485409,21.06423,22.125895,21.368708,6.0162687,20.88834,4.820888,-0.0720525,0.00153432,,"[-1.229064395e-01,-2.638725932e-06,-2.073837277e-11,-1.607829814e-06, 2.033348214e-09,-7.064148157e-14, 3.304926707e-11,-9.674707501e-14, 4.022903952e-18]","2020-01-05T05:14:39 2020-01-05T05:15:45 2020-01-05T05:16:52",-2.92e-07,1.994e-06,-0.005614
88571,12,88573,"1000001-JPLUS-01217-v202202_J0861_swp",179.0968,36.0123,7161,21.649,0.0067,9,0.1341,0.0064,0.007,0.01,3,114.6,114.46,1.0,0.932,0.042,0.906484,0.959621,0.921385,9.98736,0.00488734,0.5556,1582511751,"130cb30e7fef19a3f74c08915b4f5bf7",3756581603,42616092,20.902369,20.373243,21.434908,20.716763,6.9655547,20.291552,4.8224597,-0.0791247,0.00138538,,"[-1.079133588e-01,-3.148039108e-06, 1.045713871e-10, 3.476096691e-07, 7.506565183e-10,-2.747500864e-14,-7.461998864e-11,-9.477937570e-15, 3.291961958e-19]","2020-01-05T05:17:58 2020-01-05T05:19:02 2020-01-05T05:20:08",9.82e-07,1.086e-06,-0.008919
85283,1,85283,"1000001-JPLUS-00556-v202202_rSDSS_swp",144.7648,27.6581,1150,23.7443,0.0056,9,0.2321,0.0107,0.019,0.02,3,58.11,58.05,1.0,1.313,0.024,1.229,1.30698,1.24657,2.83367,0.00659877,0.5556,2494500446,"591fb586bc31133fcdb52e764965fefc",3141495069,2843177558,22.083563,21.882627,22.944292,21.944439,5.7340426,21.674086,4.152152,-0.105404,0.00166638,-0.105404 -0.101318 -0.106332 -0.12339 -0.09921 -0.101746 -0.10928 -0.111026 -0.101195 -0.118889 -0.100859 -0.12086,"[-2.231871768e-01, 4.763111253e-06,-3.284071459e-10, 5.361906168e-06,-1.843755184e-09, 1.107769142e-13,-3.625073467e-10, 1.297359012e-13,-6.925179583e-18]","2019-03-08T23:06:38 2019-03-08T23:07:24 2019-03-08T23:08:10",-1.669e-06,2.6e-06,-0.004372
95212,11,95210,"1000001-JPLUS-02516-v202202_J0660_swp",229.2074,55.5056,2843,21.086,0.0062,9,0.0421,0.0027,0.003,0.0,3,215.01,214.88,1.0,0.986,0.027,1.0015,1.03914,1.01523,8.51076,0.0234991,0.5556,910634137,"acd325cc6106b4080bbf736274942d81",738131205,618918679,21.502928,21.07911,22.140776,21.397108,6.49331,21.007301,4.3050923,-0.0735988,0.00238921,,"[-1.149038001e-01, 7.917520817e-07,-7.835850121e-11,-2.951232920e-07, 1.559771708e-09,-8.575882191e-14, 3.392690301e-11,-9.630399331e-14, 5.342743248e-18]","2017-06-27T01:04:32 2017-06-27T01:06:11 2017-06-27T01:07:51",2.2e-08,1.524e-06,-0.007293
95213,4,95210,"1000001-JPLUS-02516-v202202_zSDSS_swp",229.2074,55.5056,2843,22.9075,0.0066,9,0.3447,0.0152,0.014,0.02,3,80.7,80.66,1.0,1.187,0.025,1.10757,1.15442,1.12461,2.46108,0.0132747,0.5556,1465210165,"cdeab4662cc378c93c6353f5f78c8000",60036679,2821433806,20.924934,20.612211,21.673878,20.673529,5.7794023,20.282747,4.8079324,-0.138023,0.00218601,,"[-2.292451050e-01,-4.232894880e-07,-3.279140070e-11, 2.918796030e-06,-2.940200803e-10, 1.816965917e-14,-1.311770744e-10, 3.652893735e-14,-1.789535157e-18]","2020-02-22T03:51:46 2020-02-22T03:52:41 2020-02-22T03:53:35",1.648e-06,1.492e-06,-0.014065
95214,2,95210,"1000001-JPLUS-02516-v202202_gSDSS_swp",229.2074,55.5056,2843,23.5605,0.006,9,0.2226,0.0129,0.018,0.02,3,39.9,39.84,1.0,1.153,0.024,1.12328,1.19883,1.16146,4.59329,0.0717667,0.5556,2418931235,"893ede7c76d03beaf7da718f941c41bf",1575100101,3578509133,22.04072,21.763002,22.824667,22.033417,5.560129,21.632317,4.501116,-0.074746,0.00237233,,"[-1.466348978e-01, 1.624243369e-06,-1.691843708e-10, 7.853724629e-07, 1.055247890e-09,-4.641451178e-14,-9.404874376e-11,-5.137145447e-14, 2.910945890e-18]","2017-06-27T01:09:43 2017-06-27T01:10:24 2017-06-27T01:11:05",-1.63e-07,-3.98e-07,0.002204
95215,7,95210,"1000001-JPLUS-02516-v202202_J0395_swp",229.2074,55.5056,2843,20.3094,0.0112,9,0.0302,0.0015,0.001,0.0,3,206.19,204.93,1.0,1.175,0.017,1.15684,1.21096,1.18046,3.65331,0.0363875,0.5556,1904132809,"54bb47810f315896e001d87d956dad9a",3666114506,1909738376,20.941898,20.681797,21.743464,20.919235,6.395273,20.511232,4.5236597,-0.0695749,0.00228187,,"[-1.735507876e-01, 9.804927417e-06,-6.306172487e-10, 6.072238939e-06,-2.318671268e-09, 1.260514403e-13,-3.722218566e-10, 9.431495229e-14,-4.149434512e-18]","2017-06-27T01:12:01 2017-06-27T01:13:37 2017-06-27T01:15:12",-2.817e-06,1.063e-06,0.00735
95216,5,95222,"1000001-JPLUS-02517-v202202_uJAVA_swp",231.6192,55.5056,2844,20.9804,0.0131,9,0.0581,0.003,0.004,0.0,3,114.81,114.71,1.0,1.167,0.026,1.13554,1.25887,1.19301,3.94197,0.068671,0.5556,2219138116,"4e07cb8a053463317fd419967572cd76",1817916708,3890815620,20.905993,20.657375,21.71904,20.847385,6.2642756,20.486877,4.394807,-0.0656907,0.00242448,,"[-1.718957704e-01, 7.817956288e-06,-5.807897613e-10, 2.182370144e-06,-1.057994996e-09, 1.264766798e-13,-1.900947883e-10, 5.819739881e-14,-5.908134292e-18]","2017-06-27T01:23:46 2017-06-27T01:24:53 2017-06-27T01:25:58",-1.188e-06,2.734e-06,-0.00981
95217,3,95222,"1000001-JPLUS-02517-v202202_iSDSS_swp",231.6192,55.5056,2844,23.3027,0.0057,9,0.3103,0.0151,0.017,0.02,3,74.49,74.44,1.0,1.024,0.033,1.01392,1.06003,1.04702,4.83405,0.025508,0.5556,3622458453,"fad9453f40c322bddd28fd34264e64c4",3908052721,3296023909,21.508701,21.11836,22.180027,21.372616,6.435383,20.94986,4.764008,-0.0783214,0.001617,,"[-1.268260575e-01, 8.010038758e-07,-9.786460518e-11, 3.286773330e-06,-1.976239463e-10, 3.337934000e-15,-2.570721749e-10, 2.950210606e-14,-6.017074012e-19]","2017-06-27T01:20:51 2017-06-27T01:21:44 2017-06-27T01:22:37",-2.202e-06,2.2e-08,0.010984
98506,7,98502,"1000001-JPLUS-03473-v202202_J0395_swp",41.0027,0.4809,4438,20.2156,0.0112,9,0.0305,0.0018,0.001,0.0,3,202.89,202.26,1.0,1.699,0.035,1.61536,1.87578,1.65124,2.85597,0.0138679,0.5556,3126936737,"e6deddff4ea1b762ddb4457b79fe91a3",526032561,932305918,20.469769,20.574066,21.63573,20.509613,5.6801147,20.189589,5.036476,-0.10992,0.00508696,,"[-3.176452151e-01,-2.223804875e-06,-3.643140419e-10,-3.049568909e-07, 1.292425149e-09,-5.150630674e-15,-2.922390107e-10, 4.108334235e-14,-2.980104110e-18]","2021-10-13T03:12:56 2021-10-13T03:14:31 2021-10-13T03:16:05",-5.4e-08,2.358e-06,-0.009772
98507,9,98502,"1000001-JPLUS-03473-v202202_J0430_swp",41.0027,0.4809,4438,21.3224,0.0074,9,0.0594,0.0031,0.005,0.0,3,118.5,118.26,1.0,1.483,0.051,1.36579,1.63076,1.3823,2.73859,0.0234074,0.5556,1147587440,"df70850407d985440d3dc8c6b27b6b20",2571454924,924178365,21.04107,20.952349,22.014015,20.994936,5.900654,20.62619,4.7126756,-0.105619,0.00203137,,"[-2.663803806e-01,-1.961921057e-06,-2.062647511e-10, 6.493288900e-06, 1.016451021e-09,-8.542721633e-14,-4.161949761e-10, 1.717476334e-14, 2.453693398e-18]","2021-10-13T02:46:10 2021-10-13T02:47:17 2021-10-13T02:48:23",7.71e-07,1.914e-06,-0.010772
98508,4,98502,"1000001-JPLUS-03473-v202202_zSDSS_swp",41.0027,0.4809,4438,22.7706,0.0066,9,0.3108,0.0149,0.015,0.02,3,80.79,80.58,1.0,1.288,0.046,1.1445,1.22454,1.18673,2.5525,0.0261635,0.5556,246843622,"8cbd4b62d9e00b1ca65ea75aab22e9e8",941677835,2527230831,20.840961,20.586613,21.648277,20.626858,6.5174227,20.281612,4.32158,-0.127111,0.00219386,,"[-2.090766634e-01,-5.574188512e-06, 1.204121991e-10,-1.071450757e-06, 4.556883396e-10,-3.761035490e-14,-3.277802622e-11, 1.739269991e-14, 8.553707872e-19]","2021-10-13T03:17:39 2021-10-13T03:18:33 2021-10-13T03:19:28",1.97e-07,1.577e-06,-0.008557
98509,3,98515,"1000001-JPLUS-03475-v202202_iSDSS_swp",0.6951,1.8733,4865,23.2591,0.0057,9,0.167,0.0089,0.009,0.01,6,226.89,224.09,1.0,1.225,0.043,1.11332,1.20304,1.11538,2.88045,0.0226391,0.5556,3094583333,"009b1a1d7306e32195eb12162a46b02e",3940546111,3656847454,22.071695,21.750025,22.81169,21.846104,6.398033,21.46737,4.3707733,-0.10655,0.00226559,,"[-1.910678840e-01,-1.304795743e-06,-2.271719559e-11,-9.442561215e-07, 1.325914448e-09,-5.660356227e-14, 3.970216164e-11,-3.702355072e-14, 1.583654263e-18]","2017-07-31T02:50:25 2017-07-31T02:51:18 2017-07-31T02:52:09 2017-08-14T00:36:24 2017-08-14T00:37:45 2017-08-14T00:39:06",5.03e-07,1.411e-06,-0.009271
98510,5,98515,"1000001-JPLUS-03475-v202202_uJAVA_swp",0.6951,1.8733,4865,20.8856,0.0131,9,0.0399,0.0021,0.003,0.0,6,375.39,363.39,1.0,1.511,0.032,1.38797,1.5805,1.44211,2.39275,0.0243526,0.5556,3859151433,"5d2b3a104743afe4f1e285eb12d28416",3769283397,730601834,21.037115,20.994383,22.056047,21.01282,5.192862,20.603317,4.970363,-0.104429,0.00395285,,"[-3.333369350e-01, 1.288985464e-05,-7.557746728e-10, 6.823371829e-06,-2.013601731e-09, 1.289968561e-13,-3.076646617e-10, 6.558375360e-14,-3.530767673e-18]","2017-07-31T02:53:17 2017-07-31T02:54:25 2017-07-31T02:55:31 2017-08-14T00:40:42 2017-08-14T00:42:38 2017-08-14T00:44:36",4.217e-06,6.174e-06,-0.050475
98511,9,98515,"1000001-JPLUS-03475-v202202_J0430_swp",0.6951,1.8733,4865,21.2241,0.0074,9,0.0399,0.0016,0.003,0.0,6,525.72,517.22,1.0,1.464,0.034,1.36163,1.57235,1.36163,2.32538,0.0238572,0.5556,578693151,"740dc275451f3030ef7d9a1fa54ae31a",117438894,716170208,21.405464,21.300383,22.36205,21.264864,6.0691037,20.94037,4.8769665,-0.108594,0.00252699,,"[-2.879920595e-01, 1.807839365e-06,-4.083715386e-10,-1.109027785e-06, 1.215380603e-09, 1.766771625e-14,-4.122284085e-11,-3.130590693e-14,-8.863176723e-19]","2017-07-31T02:56:42 2017-07-31T02:57:54 2017-07-31T02:59:06 2017-08-14T00:46:35 2017-08-14T00:49:18 2017-08-14T00:51:58",5.13e-07,2.788e-06,-0.018843
98512,12,98515,"1000001-JPLUS-03475-v202202_J0861_swp",0.6951,1.8733,4865,21.5564,0.0067,9,0.1135,0.0066,0.01,0.01,3,115.29,115.03,1.0,1.294,0.032,1.16722,1.2741,1.19397,2.60564,0.0132671,0.5556,2597661643,"4daf10f9a3d896bd63474210f1dbe664",3170042077,1021834319,20.71307,20.465326,21.52699,20.576693,6.1381364,20.243479,4.754753,-0.117037,0.00201725,,"[-2.123754512e-01,-1.433082656e-06,-1.678296732e-11, 9.930778184e-08,-2.148575535e-10,-4.809739034e-15,-1.034006718e-10, 5.760194421e-14,-1.155900776e-18]","2017-07-31T03:00:33 2017-07-31T03:01:39 2017-07-31T03:02:45",-1.009e-06,2.937e-06,-0.01078
87472,7,87481,"1000001-JPLUS-01007-v202202_J0395_swp",186.6046,33.2276,7133,20.4923,0.0112,9,0.0314,0.0013,0.002,0.0,3,232.29,231.71,1.0,1.494,0.031,1.39539,1.58149,1.48224,2.73634,0.0144252,0.5556,2774426697,"18812e9aec1f4abd4588e83890fa9023",1948982037,3154805544,20.842422,20.82949,21.891157,20.898159,5.0999885,20.48746,4.8656178,-0.107393,0.00407308,,"[-3.247933445e-01, 1.645558227e-05,-7.687878421e-10, 1.810029086e-05,-6.715200741e-09, 3.432782079e-13,-1.008147624e-09, 3.490886509e-13,-1.721091204e-17]","2019-03-27T01:44:33 2019-03-27T01:46:18 2019-03-27T01:48:02",3.676e-06,2.156e-06,-0.027623
87473,4,87481,"1000001-JPLUS-01007-v202202_zSDSS_swp",186.6046,33.2276,7133,22.8997,0.0066,9,0.2855,0.0148,0.008,0.02,3,85.41,85.32,1.0,1.258,0.064,1.12827,1.59648,1.29907,3.18147,0.0369474,0.5556,907460754,"729650d3c69ba454ff94d07fa281ab99",2928230800,3434375323,20.956947,20.8008,21.862465,20.89054,5.7510853,20.535503,4.4799404,-0.123343,0.00203369,,"[-2.439793955e-01, 1.539401654e-05,-7.261773630e-10, 1.744712860e-05,-3.625249661e-09, 1.783355043e-13,-1.037977738e-09, 2.016900209e-13,-9.064640535e-18]","2019-03-27T01:49:55 2019-03-27T01:50:51 2019-03-27T01:51:46",5.32e-07,1.933e-06,-0.011431
87474,3,87487,"1000001-JPLUS-01009-v202202_iSDSS_swp",189.9018,33.2276,2690,23.3728,0.0057,9,0.1954,0.0083,0.012,0.01,3,98.91,96.26,1.0,1.305,0.021,1.20674,1.24631,1.21981,2.63513,0.00511423,0.5556,4165308464,"7f4a650c407b073b17c8412227a48ce3",3997741134,4181591089,21.916002,21.691504,22.75317,21.739437,5.8683724,21.343548,4.2939944,-0.119656,0.00160838,,"[-2.223312731e-01,-8.275769346e-07,-2.482021847e-11, 1.267126273e-06, 1.600566439e-10,-8.811469594e-15,-1.139719493e-10, 2.208413613e-14,-5.893358949e-19]","2021-04-06T23:37:04 2021-04-06T23:38:04 2021-04-06T23:39:04",-7.49e-07,1.54e-07,0.003528
87475,5,87487,"1000001-JPLUS-01009-v202202_uJAVA_swp",189.9018,33.2276,2690,21.0182,0.0131,9,0.0574,0.0043,0.003,0.0,3,111.09,107.57,1.0,1.459,0.023,1.3609,1.6495,1.39299,2.46023,0.00384334,0.5556,2675873656,"502be79e33f019253a4d8a9519809a7c",493685513,3494510692,20.784893,20.704535,21.766201,20.689964,6.7137475,20.363667,4.6238017,-0.10281,0.00559987,,"[-2.813163029e-01,-4.080138022e-06, 1.884121511e-10,-3.145874312e-06, 3.794179573e-09,-2.245474929e-13, 1.574469176e-10,-2.010412818e-13, 1.237937492e-17]","2021-04-06T23:40:16 2021-04-06T23:41:19 2021-04-06T23:42:23",3.579e-06,2.192e-06,-0.029143
87476,9,87487,"1000001-JPLUS-01009-v202202_J0430_swp",189.9018,33.2276,2690,21.329,0.0074,9,0.0592,0.0024,0.004,0.0,3,116.91,114.44,1.0,1.437,0.026,1.33568,1.45719,1.35477,2.44159,0.0173529,0.5556,362689865,"ed6cf7e85f8c2b1b3d52ffc9a24d378a",1172871914,1547170210,21.073576,20.96301,22.024675,20.982786,5.998187,20.660233,4.439639,-0.113421,0.00314257,,"[-2.660460354e-01,-1.578416064e-06,-1.874449061e-10,-4.013274175e-06, 2.497613656e-09,-5.239781820e-14, 1.988099667e-10,-1.325013289e-13, 3.909175158e-18]","2021-04-06T23:43:38 2021-04-06T23:44:45 2021-04-06T23:45:51",-1.41e-06,4.857e-06,-0.016179
87477,7,87449,"1000001-JPLUS-00992-v202202_J0395_swp",161.8759,33.2276,1310,20.3328,0.0112,9,0.0302,0.0016,0.001,0.0,3,202.89,202.73,1.0,1.114,0.039,1.05352,1.20388,1.05891,2.90034,0.00902367,0.5556,1481096449,"98d97a23fb7d5113a4b10a81424a6ae9",3646795946,2135027619,21.099878,20.721798,21.783463,20.949932,5.877018,20.54724,4.3713875,-0.0847902,0.00317914,,"[-1.830384586e-01,-8.370933969e-07,-2.187958200e-10, 8.266228625e-07, 1.175639086e-09, 1.545430579e-14,-5.112236370e-11,-2.449249514e-14,-2.426115761e-18]","2022-01-01T05:23:59 2022-01-01T05:25:33 2022-01-01T05:27:07",-1.04e-07,1.689e-06,0.00016
87478,2,87449,"1000001-JPLUS-00992-v202202_gSDSS_swp",161.8759,33.2276,1310,23.6108,0.006,9,0.2435,0.0121,0.025,0.01,3,37.5,37.46,1.0,1.101,0.034,1.01258,1.10472,1.02118,2.99911,0.020638,0.5556,2601294164,"91fe170ffcabee9b1a792a48db54488b",1013485014,4107465456,22.13504,21.717567,22.779234,21.91954,6.791745,21.531116,4.6535974,-0.0893126,0.00189468,,"[-1.707684786e-01,-1.737252685e-06,-9.678815747e-11, 2.223763534e-06, 1.363582254e-09,-5.103609424e-14,-1.499082379e-10,-4.369859272e-14, 1.963398720e-18]","2022-01-01T05:21:59 2022-01-01T05:22:39 2022-01-01T05:23:19",1.367e-06,-5.76e-07,-0.004469
87479,4,87461,"1000001-JPLUS-00999-v202202_zSDSS_swp",173.416,33.2276,7150,22.8124,0.0066,9,0.3809,0.0147,0.011,0.02,3,81.09,80.95,1.0,1.148,0.026,1.0735,1.15331,1.09258,2.45679,0.0152908,0.5556,4215697715,"1e110882fff7ff3515e423ff1c23f404",1261829232,2334585669,20.746883,20.402788,21.464453,20.48465,5.707203,20.123724,4.4017015,-0.130602,0.00257412,,"[-2.131424610e-01,-1.655378712e-06, 4.531466615e-11, 1.889095386e-06,-1.148381201e-10,-1.612432297e-14,-1.521716182e-10, 4.281034783e-14,-5.214623159e-19]","2022-01-02T05:28:36 2022-01-02T05:29:31 2022-01-02T05:30:25",1.369e-06,1.051e-06,-0.010464
91895,2,91892,"1000001-JPLUS-01773-v202202_gSDSS_swp",273.1293,42.9742,3753,23.5115,0.006,9,0.1657,0.0091,0.016,0.02,3,54.09,54.0,1.0,1.038,0.04,1.02267,1.20915,1.09916,6.9538,0.0367505,0.5556,1875960815,"d4c2a9cceea0854c731b95180d480b45",3554757996,2082097043,22.370085,22.032509,23.094173,22.245186,5.888321,21.926128,4.189767,-0.0755283,0.0018466,,"[-1.277186582e-01, 3.369488044e-06,-2.029640719e-10, 2.540446784e-06, 2.694366506e-10,-6.776493124e-15,-1.815199301e-10,-1.609946109e-14, 7.147820828e-19]","2018-09-02T21:48:56 2018-09-02T21:49:41 2018-09-02T21:50:26",7.18e-07,-1.425e-06,0.003577
91896,5,91899,"1000001-JPLUS-01774-v202202_uJAVA_swp",275.0079,42.9742,3756,21.1881,0.0131,9,0.054,0.0028,0.003,0.0,3,120.6,120.34,1.0,1.178,0.021,1.13941,1.24531,1.17887,3.20661,0.0199277,0.5556,4218578650,"0984dfac0ab61c5fe25754451b3f4b75",1337133451,1890309934,21.190393,20.928831,21.990496,21.15351,6.1746078,20.727924,4.329831,-0.0743289,0.00224964,,"[-1.804995965e-01, 4.383946104e-06,-3.307021840e-10, 2.158785212e-06,-5.734612935e-10, 4.376185100e-14,-1.751108217e-10, 2.123559924e-14,-1.414656177e-18]","2018-08-03T21:56:32 2018-08-03T21:57:39 2018-08-03T21:58:46",4.14e-07,2.552e-06,-0.014534
91897,9,91899,"1000001-JPLUS-01774-v202202_J0430_swp",275.0079,42.9742,3756,21.4717,0.0074,9,0.0474,0.0022,0.002,0.0,3,143.79,143.45,1.0,1.161,0.022,1.1237,1.21199,1.13792,3.39206,0.0102291,0.5556,156128945,"7ec4a57513e220f150ec9ecb67e45c58",973885287,1329915636,21.645319,21.34537,22.407034,21.458334,6.525265,21.143335,4.8881907,-0.0816668,0.00145108,,"[-1.693642016e-01, 3.519888174e-06,-3.613714765e-10, 1.830813653e-06,-3.918805506e-10, 5.769683485e-14,-1.329723425e-10, 1.777784591e-14,-2.295362626e-18]","2018-08-03T21:59:54 2018-08-03T22:01:09 2018-08-03T22:02:23",-1.11e-07,1.42e-06,-0.006614
91898,11,91899,"1000001-JPLUS-01774-v202202_J0660_swp",275.0079,42.9742,3756,21.1402,0.0062,9,0.0374,0.0022,0.003,0.0,3,222.0,221.63,1.0,0.987,0.029,0.987485,1.02233,0.987751,6.3776,0.00224335,0.5556,2751947825,"d7dbf9eeb51d5cfffdde0694266eba47",2179755006,1849908064,21.721245,21.267635,22.329302,21.49423,7.52192,21.047812,4.5871625,-0.0818042,0.00250263,,"[-1.179862071e-01,-2.122896384e-06, 9.094181095e-12,-1.004999195e-06, 1.477471589e-09,-6.004726061e-14, 8.548335103e-13,-5.973145539e-14, 2.726417163e-18]","2018-08-03T22:22:02 2018-08-03T22:23:44 2018-08-03T22:25:25",5.28e-07,1.153e-06,-0.007213
90789,12,90791,"1000001-JPLUS-01576-v202202_J0861_swp",268.0,40.1895,2388,21.6759,0.0067,9,0.1419,0.0071,0.007,0.01,3,115.89,115.61,1.0,1.328,0.039,1.17213,1.29635,1.22159,2.83506,0.0171407,0.5556,308465299,"58c1543ddf225077e3f68b56eb7752f4",3868912925,2480858315,20.568773,20.34586,21.407524,20.378601,6.9389462,20.030998,4.5301166,-0.114202,0.00279675,,"[-1.948892951e-01,-1.134066314e-05, 5.140127014e-10,-6.012647042e-06, 4.625464893e-09,-2.860559250e-13, 3.993847198e-10,-2.553827365e-13, 1.559581178e-17]","2018-06-19T00:57:50 2018-06-19T00:58:56 2018-06-19T01:00:01",1.28e-07,5.81e-07,-0.00336
90790,6,90791,"1000001-JPLUS-01576-v202202_J0378_swp",268.0,40.1895,2388,20.5969,0.012,9,0.0329,0.0016,0.002,0.0,3,185.79,185.09,1.0,2.047,0.046,1.79845,1.96803,1.85376,2.36943,0.00528135,0.5556,2340346852,"fd6f89bb54af7e95efd303a7820215af",3039640911,2415155301,20.65192,20.881824,21.943491,20.574865,6.5198183,20.269619,4.6662574,-0.156101,0.00825863,,"[-5.000968915e-01, 1.058187883e-05,-6.234706110e-10, 1.890096367e-05,-6.975485537e-09, 3.032344207e-13,-6.363330792e-10, 3.021116202e-13,-1.380251966e-17]","2018-06-19T01:10:32 2018-06-19T01:12:00 2018-06-19T01:13:30",-7.74e-07,2.53e-06,-0.010303
90791,1,90791,"1000001-JPLUS-01576-v202202_rSDSS_swp",268.0,40.1895,2388,23.6939,0.0056,9,0.2208,0.0113,0.013,0.02,3,62.01,61.94,1.0,1.262,0.026,1.19236,1.27509,1.21966,3.23579,0.00589465,0.5556,937578341,"284710633e77b247e1e180c690fbb0de",3253668717,1039999178,22.115448,21.890818,22.952482,21.966808,6.2946553,21.595142,4.4517145,-0.0954614,0.00230822,-0.0954614 -0.131859 -0.0931573 -0.174032 -0.0741902 -0.156101 -0.170536 -0.0891471 -0.0846162 -0.0966766 -0.145801 -0.114202,"[-1.774713919e-01, 2.384625475e-07,-1.578992775e-10,-3.091149659e-06, 2.101149738e-09,-9.653249218e-14, 3.219342203e-11,-8.183874069e-14, 3.887558982e-18]","2018-06-19T01:07:58 2018-06-19T01:08:45 2018-06-19T01:09:33",-2.137e-06,7.41e-07,0.006736
89695,12,89700,"1000001-JPLUS-01408-v202202_J0861_swp",148.2733,38.7971,1421,21.5504,0.0067,9,0.1359,0.0055,0.009,0.01,3,114.09,114.05,1.0,1.415,0.019,1.32811,1.36832,1.32878,2.38101,0.0106173,0.5556,1275974900,"c61164a3ada8ee96f97cf785474f5e9e",4087437488,1426138537,20.384361,20.252766,21.314432,20.20313,6.504793,19.899279,4.3505664,-0.14099,0.00181868,,"[-2.839183094e-01, 6.325129232e-06,-3.686950770e-10, 9.766925433e-06,-3.242402656e-09, 1.458557817e-13,-5.816414286e-10, 2.015860401e-13,-8.631657661e-18]","2022-01-31T01:23:58 2022-01-31T01:25:05 2022-01-31T01:26:12",-2.25e-07,1.118e-06,-0.004164
89696,8,89700,"1000001-JPLUS-01408-v202202_J0410_swp",148.2733,38.7971,1421,21.2193,0.0075,9,0.0548,0.0025,0.003,0.0,3,118.29,117.74,1.0,1.522,0.026,1.41597,1.5432,1.42769,2.30225,0.0118914,0.5556,1845048470,"82244a60278a4a1dbfb39155219a204f",2992017581,347118560,20.988506,20.934864,21.996529,20.897371,6.548091,20.577497,4.986633,-0.124444,0.00213068,,"[-3.150475833e-01, 8.904469522e-07,-1.846198568e-10, 6.832785603e-07, 1.801080444e-09,-7.521150533e-14,-8.958520906e-11,-7.924309092e-14, 3.972966067e-18]","2022-01-31T01:30:40 2022-01-31T01:31:46 2022-01-31T01:32:53",1.11e-07,4.89e-07,-0.004205
89697,10,89700,"1000001-JPLUS-01408-v202202_J0515_swp",148.2733,38.7971,1421,21.4706,0.0066,9,0.0686,0.0039,0.004,0.0,3,105.3,104.82,1.0,1.484,0.027,1.38369,1.48106,1.38419,2.4538,0.0100086,0.5556,335574843,"708cd43e2192f0eb56c36e7c07005cbd",1491681737,3151272446,21.023243,20.936005,21.997671,20.902508,5.92994,20.599834,4.5476265,-0.123672,0.00189019,,"[-2.903321439e-01, 3.179306747e-06,-2.736335098e-10, 7.668325279e-06,-1.821693320e-09, 7.961316052e-14,-4.711047303e-10, 1.344254473e-13,-5.456193136e-18]","2022-01-31T01:27:29 2022-01-31T01:28:33 2022-01-31T01:29:37",-2.077e-06,-2.25e-07,0.010073
89698,11,89700,"1000001-JPLUS-01408-v202202_J0660_swp",148.2733,38.7971,1421,20.9865,0.0062,9,0.0447,0.0024,0.004,0.0,3,193.8,193.37,1.0,1.246,0.02,1.19245,1.24269,1.19713,2.82104,0.00922538,0.5556,3985139065,"def049cdd6610244fffa61172c261980",1244539271,2966783156,21.148922,20.904047,21.965712,21.020252,5.7910438,20.652906,4.6852026,-0.111115,0.0019544,,"[-2.141485451e-01, 3.856990886e-06,-2.533640946e-10, 5.862759514e-06,-1.373382187e-09, 6.705101053e-14,-3.491009305e-10, 9.256560651e-14,-4.190704652e-18]","2022-01-31T01:40:54 2022-01-31T01:42:26 2022-01-31T01:43:58",2.13e-06,1.771e-06,-0.017633
89699,6,89700,"1000001-JPLUS-01408-v202202_J0378_swp",148.2733,38.7971,1421,20.3784,0.012,9,0.0325,0.0017,0.001,0.0,3,183.51,183.11,1.0,1.729,0.028,1.60296,1.75704,1.61475,2.22521,0.0118126,0.5556,1512330605,"0622974df51552beb16effb6bdc9e4c7",2389749945,3756481011,20.59007,20.670107,21.731771,20.511599,5.476364,20.172964,4.762398,-0.1371,0.00518097,,"[-3.893988057e-01, 4.397731439e-06,-4.529035669e-10, 3.838287271e-06,-2.131061049e-10, 5.638779726e-14,-2.798629956e-10, 3.921208178e-14,-3.844087414e-18]","2022-01-31T01:36:29 2022-01-31T01:37:57 2022-01-31T01:39:25",9.45e-07,1.209e-06,-0.014599
89700,1,89700,"1000001-JPLUS-01408-v202202_rSDSS_swp",148.2733,38.7971,1421,23.54,0.0056,9,0.2448,0.0124,0.018,0.02,3,57.21,57.11,1.0,1.433,0.018,1.34025,1.48203,1.3834,2.62881,0.00524638,0.5556,4291915300,"67cac3ff27e930df233a1d46984514c4",3983090393,140532603,21.700645,21.612787,22.674452,21.67641,5.975934,21.267542,4.1169977,-0.123143,0.00255762,-0.123143 -0.101982 -0.134461 -0.12064 -0.128412 -0.1371 -0.104203 -0.124444 -0.124988 -0.123672 -0.111115 -0.14099,"[-2.765904681e-01, 8.018213176e-06,-4.627050598e-10, 3.141816769e-06, 1.231770640e-10, 2.556369275e-14,-2.743646912e-10, 5.613559547e-15,-1.158031430e-18]","2022-01-31T01:34:04 2022-01-31T01:34:50 2022-01-31T01:35:39",-2.494e-06,2.116e-06,0.001002
96306,5,96312,"1000001-JPLUS-02748-v202202_uJAVA_swp",106.406,61.0751,1781,21.1097,0.0131,9,0.0607,0.0034,0.004,0.0,3,111.21,110.84,1.0,1.072,0.031,1.04284,1.14534,1.06338,3.93703,0.0146971,0.5556,4219880680,"639ee61c6db257981054489288ee45d8",1759453745,1038026709,21.08935,20.715843,21.77751,20.97318,7.0465603,20.577581,4.796399,-0.0682327,0.00230983,,"[-1.570393775e-01, 3.442164457e-06,-3.308463707e-10, 3.693503572e-07, 2.715894056e-10, 1.705876044e-14, 4.500264097e-12,-3.931761203e-14, 9.736071916e-19]","2019-10-09T03:53:40 2019-10-09T03:54:45 2019-10-09T03:55:48",1.277e-06,2.601e-06,-0.018449
96307,12,96312,"1000001-JPLUS-02748-v202202_J0861_swp",106.406,61.0751,1781,21.6405,0.0067,9,0.1402,0.0069,0.008,0.01,3,114.51,114.46,1.0,0.896,0.061,0.878859,0.906861,0.885676,9.9994,0.00960203,0.5556,819516305,"22534c7299eb22a8ebb6ffd88a229896",265733572,855395569,20.886986,20.314945,21.37661,20.654469,5.9029446,20.249168,4.620294,-0.078362,0.00176124,,"[-1.070420994e-01,-2.398676148e-06, 7.139579920e-11,-1.400792794e-06, 1.283289631e-09,-5.761906461e-14, 5.022948731e-11,-5.226783574e-14, 2.599017109e-18]","2019-10-09T04:00:22 2019-10-09T04:01:27 2019-10-09T04:02:33",1.227e-06,2.265e-06,-0.015993
96308,9,96312,"1000001-JPLUS-02748-v202202_J0430_swp",106.406,61.0751,1781,21.3273,0.0074,9,0.058,0.0026,0.003,0.0,3,117.21,117.03,1.0,1.015,0.03,1.00295,1.06141,1.01786,5.75623,0.0155832,0.5556,3587004714,"534b2e5748c1a9e383002457d0fb0da7",1106293296,1412123415,21.407253,20.986244,22.04791,21.300112,7.0134044,20.859959,4.8503103,-0.0711234,0.00134598,,"[-1.342990876e-01, 1.701800232e-06,-2.242482417e-10, 2.008772731e-06,-3.911405765e-10, 4.984652031e-14,-1.402063596e-10, 3.116302671e-14,-2.628591489e-18]","2019-10-09T03:57:02 2019-10-09T03:58:09 2019-10-09T03:59:15",-6.9e-08,1.965e-06,-0.008027
96309,3,96312,"1000001-JPLUS-02748-v202202_iSDSS_swp",106.406,61.0751,1781,23.3235,0.0057,9,0.2185,0.01,0.008,0.02,3,99.09,99.01,1.0,0.965,0.067,0.914529,0.944009,0.919762,9.99249,0.00596028,0.5556,3597499543,"55eb7ece4cfd762b76b5c08d7a18c60e",1080254865,1138650360,22.052225,21.521187,22.582851,21.866106,6.0555086,21.402145,4.356044,-0.0815503,0.0037288,,"[-1.043597509e-01,-1.049872805e-06,-1.009057858e-11, 1.346400288e-06, 4.879192393e-10,-2.215971204e-14,-1.137646963e-10,-2.478206552e-15, 4.745733591e-19]","2019-10-09T03:50:29 2019-10-09T03:51:30 2019-10-09T03:52:30",1.251e-06,1.612e-06,-0.013053
93000,5,93008,"1000001-JPLUS-02049-v202202_uJAVA_swp",275.4801,47.1514,3769,20.9824,0.0131,9,0.0587,0.0031,0.004,0.0,3,114.3,113.47,1.0,1.349,0.021,1.26973,1.36131,1.29749,2.51811,0.0132379,0.5556,2095415359,"cc9758382337ad201525f4f5be1a5441",1631717993,2988108080,20.783688,20.62622,21.687885,20.699404,5.7949533,20.348131,4.7057962,-0.0953842,0.00162688,,"[-2.610401742e-01, 1.494520377e-06,-1.497770631e-10, 5.540358478e-06, 1.667940857e-11,-4.112213790e-15,-3.020558445e-10,-4.351060935e-15, 1.129771987e-18]","2019-08-05T21:12:03 2019-08-05T21:13:08 2019-08-05T21:14:13",-9.7e-08,1.521e-06,-0.006175
93001,3,93008,"1000001-JPLUS-02049-v202202_iSDSS_swp",275.4801,47.1514,3769,23.2471,0.0057,9,0.1479,0.0085,0.007,0.02,6,206.88,204.65,1.0,1.118,0.035,1.07408,1.1555,1.11119,3.99854,0.0193543,0.5556,2677168890,"bfd12f30ccfbd87cd09ed993b67daffa",1585526712,2733427759,22.196651,21.870895,22.93256,21.959396,7.046657,21.54151,4.65818,-0.0919925,0.00258664,,"[-1.495735672e-01, 1.908226625e-06,-1.573452098e-10, 2.979641476e-06,-6.111589572e-10, 2.815312388e-14,-2.373322896e-10, 5.260573117e-14,-2.140686443e-18]","2019-08-05T01:41:22 2019-08-05T01:42:23 2019-08-05T01:43:24 2019-08-05T21:08:49 2019-08-05T21:09:50 2019-08-05T21:10:52",-2.06e-07,8.93e-07,-0.00333
102883,9,102887,"1000001-JPLUS-04395-v202202_J0430_swp",355.7469,33.898,5101,21.1713,0.0074,9,0.0542,0.0028,0.005,0.0,3,159.51,155.04,1.0,1.349,0.028,1.26461,1.43444,1.32948,2.93666,0.0158334,0.5556,2019310859,"74002f72b4a693de6c022a4fdb63c33f",1217904347,364842041,21.038841,20.907816,21.969482,21.033575,6.276635,20.614735,5.20677,-0.0904925,0.00226416,,"[-2.351964834e-01, 7.020942573e-06,-4.220550464e-10, 6.114938624e-06,-1.650399140e-09, 9.376066816e-14,-4.020895500e-10, 9.010462866e-14,-4.480088788e-18]","2021-08-16T23:23:56 2021-08-16T23:25:16 2021-08-16T23:26:37",1.796e-06,1.406e-06,-0.014552
102884,12,102887,"1000001-JPLUS-04395-v202202_J0861_swp",355.7469,33.898,5101,21.5831,0.0067,9,0.1368,0.0058,0.009,0.01,3,119.31,119.22,1.0,1.208,0.042,1.12485,1.38464,1.19851,3.23224,0.0107701,0.5556,2992787920,"38a2eab0b3cf32f6086933a418b4a432",208973543,4278231312,20.534224,20.2906,21.352264,20.404387,6.9876595,20.056648,4.3315167,-0.108267,0.0014968,,"[-2.122885854e-01, 8.618396541e-06,-4.250739647e-10, 8.063685297e-06,-1.373168789e-09, 6.756794454e-14,-4.888650897e-10, 9.622701175e-14,-4.140800333e-18]","2021-08-16T23:27:57 2021-08-16T23:29:04 2021-08-16T23:30:12",5.67e-07,1.742e-06,-0.011199
102885,10,102887,"1000001-JPLUS-04395-v202202_J0515_swp",355.7469,33.898,5101,21.3966,0.0066,9,0.0755,0.0044,0.007,0.01,3,135.09,134.58,1.0,1.332,0.019,1.25648,1.32838,1.25751,2.92789,0.0306381,0.5556,3237055820,"45a40a5d15517d52a5288ad193c1ecad",3732876886,1127857073,20.956398,20.764948,21.826612,20.882792,6.2980757,20.53213,4.378659,-0.0971554,0.00224144,,"[-2.159487726e-01, 3.946946734e-06,-2.846671910e-10, 5.197305966e-06,-1.038351052e-09, 3.834017145e-14,-3.447966848e-10, 7.592262447e-14,-2.745584322e-18]","2021-08-16T23:31:28 2021-08-16T23:32:41 2021-08-16T23:33:53",3.28e-07,1.223e-06,-0.007135
86378,3,86382,"1000001-JPLUS-00848-v202202_iSDSS_swp",107.4358,31.8352,1580,23.3019,0.0057,9,0.2641,0.0157,0.014,0.02,3,99.21,99.11,1.0,1.367,0.046,1.18076,1.23648,1.18374,2.28221,0.012906,0.5556,2851457157,"794ac5c6741b96691c36008e6be511d6",2904047459,1150207095,21.55248,21.295395,22.35706,21.206799,6.3640614,20.896118,4.782568,-0.142356,0.00263523,,"[-2.468664502e-01,-9.730633254e-07,-4.121582795e-11, 1.682996868e-06,-1.906498250e-10, 1.086823119e-15,-1.308839134e-10, 4.055586862e-14,-1.089998783e-18]","2021-11-13T03:19:24 2021-11-13T03:20:24 2021-11-13T03:21:24",7.91e-07,4.75e-07,-0.005955
86379,5,86382,"1000001-JPLUS-00848-v202202_uJAVA_swp",107.4358,31.8352,1580,21.0105,0.0131,9,0.0579,0.003,0.003,0.0,3,111.3,111.1,1.0,1.479,0.024,1.36283,1.51984,1.39087,2.26521,0.00634913,0.5556,525600925,"2d5da134202462a3dab62c6d28e150ee",159988423,1936451022,20.74913,20.667118,21.728785,20.672821,6.2967873,20.275383,4.6461096,-0.108889,0.0024561,,"[-3.206672707e-01, 6.576907700e-06,-4.931749351e-10, 8.232616314e-06,-9.918606747e-10, 6.965008397e-14,-4.391606523e-10, 4.106407638e-14,-2.179839630e-18]","2021-11-13T03:22:34 2021-11-13T03:23:40 2021-11-13T03:24:43",6.96e-07,2.859e-06,-0.019864
100694,12,100680,"1000001-JPLUS-03870-v202202_J0861_swp",31.184,15.7971,139,21.6423,0.0067,9,0.1282,0.005,0.011,0.01,3,118.29,118.15,1.0,0.914,0.04,0.913801,0.940231,0.932525,9.93676,0.031552,0.5556,2179862258,"3b74c914a7b76de80cbd6245404b1af5",3952594646,3499784799,20.937172,20.421095,21.482761,20.755617,6.525167,20.319725,4.54729,-0.0830973,0.00154218,,"[-1.173827395e-01,-3.986351263e-06, 1.228991085e-10,-2.434770660e-06, 1.811941194e-09,-8.732766282e-14, 8.770651610e-11,-7.253452708e-14, 3.843709842e-18]","2019-12-29T21:05:31 2019-12-29T21:06:38 2019-12-29T21:07:44",4.36e-07,1.463e-06,-0.007798
100695,4,100680,"1000001-JPLUS-03870-v202202_zSDSS_swp",31.184,15.7971,139,22.814,0.0066,9,0.3219,0.0133,0.01,0.02,3,78.39,78.36,1.0,1.001,0.035,0.963016,0.996813,0.972494,3.58542,0.0361997,0.5556,2020835367,"11e696991f252635e022cc07ece8f2d7",50433489,373922848,21.068024,20.597513,21.659178,20.773829,5.897297,20.364056,4.5221133,-0.109312,0.00225744,,"[-1.579727552e-01,-2.355643155e-06, 4.173509678e-11,-8.935674626e-08, 4.057608974e-10,-2.313562719e-14,-3.454525481e-11, 1.127698807e-15, 5.954811851e-19]","2019-12-29T21:34:31 2019-12-29T21:35:25 2019-12-29T21:36:18",1.956e-06,1.956e-06,-0.017123
100696,11,100691,"1000001-JPLUS-03871-v202202_J0660_swp",330.7248,17.1895,3154,21.1192,0.0062,9,0.0422,0.0023,0.003,0.0,3,200.4,200.13,1.0,1.258,0.019,1.17768,1.27587,1.20599,2.79764,0.00931174,0.5556,836870692,"91853f03ef5b6b02b9994edc4cf80821",3632328336,3647129307,21.351402,21.114534,22.176199,21.227816,6.36998,20.851587,4.471466,-0.107231,0.0011741,,"[-2.209888517e-01, 6.855986650e-06,-3.966714689e-10, 6.320681626e-06,-1.456766879e-09, 6.046750710e-14,-3.431946285e-10, 6.685598934e-14,-2.211395641e-18]","2019-07-29T02:03:16 2019-07-29T02:04:50 2019-07-29T02:06:24",1.57e-06,2.945e-06,-0.020319
99605,3,99611,"1000001-JPLUS-03589-v202202_iSDSS_swp",30.014,6.0505,4475,23.3604,0.0057,9,0.3119,0.018,0.013,0.02,3,92.7,92.57,1.0,1.011,0.048,0.967955,1.04448,0.997213,3.40078,0.00803579,0.5556,3981570342,"e4fa995c01b0fa1a730df4dd34bad775",1256699106,1828647055,21.617035,21.173777,22.235441,21.38773,5.616369,20.94572,4.5211496,-0.0959551,0.00172797,,"[-1.690777066e-01,-3.126427705e-06, 9.207276658e-11, 1.683601434e-06, 1.097394535e-09,-5.744845227e-14,-9.934743132e-11,-2.732106421e-14, 2.016500210e-18]","2017-11-26T19:16:06 2017-11-26T19:17:03 2017-11-26T19:18:01",1.083e-06,3.81e-07,-0.006342
99606,9,99611,"1000001-JPLUS-03589-v202202_J0430_swp",30.014,6.0505,4475,21.3206,0.0074,9,0.0706,0.0025,0.006,0.0,3,182.79,182.53,1.0,1.4,0.025,1.30335,1.46329,1.32037,2.39849,0.0106958,0.5556,541689503,"5993a497f5c8c12d3de4a1cc8a5822dc",800292446,3078039562,20.899292,20.760803,21.82247,20.777489,5.7721634,20.466814,4.3987575,-0.111514,0.0021007,,"[-2.858003981e-01, 1.127943678e-05,-7.832278366e-10, 9.668085453e-06,-3.444146152e-09, 2.254599703e-13,-5.597265716e-10, 1.722131360e-13,-9.991250325e-18]","2017-11-26T19:22:46 2017-11-26T19:24:14 2017-11-26T19:25:40",2.515e-06,1.102e-06,-0.015983
99607,5,99611,"1000001-JPLUS-03589-v202202_uJAVA_swp",30.014,6.0505,4475,20.9873,0.0131,9,0.0687,0.0035,0.007,0.0,3,140.91,140.62,1.0,1.436,0.033,1.33813,1.47877,1.37053,2.45332,0.0161594,0.5556,1728779817,"7e5e646cb4adb2450e502a301ee7cc9c",924365313,1421115677,20.58543,20.487423,21.54909,20.502354,6.0197234,20.218403,4.8079977,-0.103338,0.00452706,,"[-2.976356163e-01, 9.107857596e-06,-6.031100326e-10, 9.873910650e-06,-2.526390015e-09, 1.849557710e-13,-5.604925209e-10, 1.486572480e-13,-9.901114102e-18]","2017-11-26T19:19:07 2017-11-26T19:20:21 2017-11-26T19:21:34",1.645e-06,2.888e-06,-0.016692
99608,12,99611,"1000001-JPLUS-03589-v202202_J0861_swp",30.014,6.0505,4475,21.6447,0.0067,9,0.1583,0.0059,0.009,0.01,3,127.89,127.74,1.0,1.129,0.025,1.04361,1.21246,1.09343,2.68145,0.0142284,0.5556,1532497939,"5c53e60b717917cd95574d0e31c8c8f7",1566284997,1375297486,20.537363,20.194113,21.255777,20.318588,6.060266,19.962008,4.6020226,-0.115949,0.00167456,,"[-2.212355498e-01, 2.067378156e-06,-1.194746490e-10, 7.233232480e-06,-1.038687089e-09, 2.620189741e-14,-3.641524497e-10, 8.334711235e-14,-2.304448719e-18]","2017-11-26T19:27:16 2017-11-26T19:28:25 2017-11-26T19:29:36",2.042e-06,1.96e-07,-0.010655
101792,9,101783,"1000001-JPLUS-04238-v202202_J0430_swp",22.5565,28.3285,527,21.3776,0.0074,9,0.0595,0.0026,0.003,0.0,3,116.61,116.4,1.0,1.288,0.022,1.21668,1.32317,1.25024,2.69255,0.00711817,0.5556,793878950,"573fdf870a9ed78dcafb50268eaf3351",1348095273,2705542847,21.214268,21.016523,22.078188,21.103539,6.2666826,20.718597,4.563983,-0.0988387,0.00216038,,"[-2.263412728e-01,-9.883753697e-08,-1.171493528e-10, 1.880561009e-06, 1.678315873e-09,-7.680682871e-14,-1.738191749e-10,-6.132167087e-14, 3.479263890e-18]","2021-12-30T20:35:36 2021-12-30T20:36:42 2021-12-30T20:37:49",1.219e-06,1.183e-06,-0.011164
101793,12,101797,"1000001-JPLUS-04240-v202202_J0861_swp",25.6942,28.3285,536,21.6489,0.0067,9,0.1196,0.0054,0.009,0.01,3,120.51,120.47,1.0,0.903,0.078,0.866319,0.98104,0.898766,6.7865,0.0168599,0.5556,3698311415,"9278fd2d736f14ec23fd6f9fdb2672d8",783496879,2283511017,21.059599,20.503487,21.565153,20.74108,6.419586,20.33571,4.683816,-0.0934003,0.00220104,,"[-1.423965664e-01,-5.985849487e-06, 2.328277894e-10,-4.299674989e-06, 2.681097447e-09,-1.439269387e-13, 1.958957392e-10,-1.193117101e-13, 6.903079778e-18]","2019-12-30T19:19:11 2019-12-30T19:20:19 2019-12-30T19:21:26",8.82e-07,8.68e-07,-0.008114
95218,9,95222,"1000001-JPLUS-02517-v202202_J0430_swp",231.6192,55.5056,2844,21.3232,0.0074,9,0.0553,0.003,0.004,0.0,3,124.71,124.6,1.0,1.079,0.028,1.0635,1.12921,1.08725,4.37952,0.0182061,0.5556,1936380660,"ffcf61e6ce53e846190c7b59bdea1ecb",3073305119,3588928626,21.386406,21.037003,22.098667,21.265028,7.636985,20.947853,4.644079,-0.0701872,0.00160027,,"[-1.371069546e-01, 2.781612846e-06,-3.260013777e-10,-2.551233196e-07, 3.992665160e-10, 2.432736561e-14,-6.888529263e-11,-1.510978157e-14,-5.172898498e-19]","2017-06-27T01:27:09 2017-06-27T01:28:18 2017-06-27T01:29:27",-1.869e-06,1.681e-06,0.001198
88572,8,88573,"1000001-JPLUS-01217-v202202_J0410_swp",179.0968,36.0123,7161,21.3109,0.0075,9,0.0531,0.0025,0.003,0.0,3,118.8,118.58,1.0,0.98,0.03,0.978212,1.06717,1.00175,9.98144,0.0157196,0.5556,2079115296,"633a1877a4d956c455075aa5adb3940f",99993221,1639378610,21.521408,21.083078,22.144745,21.433527,5.5235667,20.990166,4.6271377,-0.0678635,0.00179486,,"[-1.195577547e-01,-3.161074945e-06, 3.946911263e-11,-2.996240151e-06, 2.879789972e-09,-1.201569928e-13, 1.149648248e-10,-1.370777086e-13, 6.064624272e-18]","2020-01-05T05:24:34 2020-01-05T05:25:40 2020-01-05T05:26:47",-1.5e-07,2.852e-06,-0.010514
98513,8,98515,"1000001-JPLUS-03475-v202202_J0410_swp",0.6951,1.8733,4865,21.1538,0.0075,9,0.0426,0.0019,0.004,0.0,6,430.98,429.68,1.0,1.3,0.038,1.20843,1.42829,1.20979,2.45416,0.0233012,0.5556,32113141,"d8fe00e65074469a9bbdbc1bbcccbfc5",2350795765,880806920,21.402744,21.16929,22.230957,21.188774,7.290971,20.905704,5.2503304,-0.0981568,0.0020208,,"[-2.475645007e-01, 5.871185849e-06,-6.415040159e-10, 4.023753827e-06,-7.431797399e-10, 1.272377004e-13,-2.205589519e-10, 3.275201997e-14,-4.751551792e-18]","2017-07-31T03:07:24 2017-07-31T03:08:37 2017-07-31T03:09:48 2017-08-14T01:05:53 2017-08-14T01:08:02 2017-08-14T01:10:11",2.46e-07,3.144e-06,-0.016476
99609,10,99611,"1000001-JPLUS-03589-v202202_J0515_swp",30.014,6.0505,4475,21.5475,0.0066,9,0.0805,0.0033,0.006,0.01,3,156.81,156.32,1.0,1.377,0.044,1.24591,1.41967,1.24597,2.3088,0.0176996,0.5556,369797106,"d7bb13e87725693315e84af532cad90a",3576913890,684841186,21.042784,20.841326,21.90299,20.887304,5.6505,20.573116,4.880841,-0.120194,0.00163454,,"[-2.692973300e-01,-1.144834391e-07,-1.539144467e-10, 6.036686893e-06,-8.079625730e-11, 2.593822540e-15,-3.117222343e-10, 3.223376323e-14,-5.716374709e-19]","2017-11-26T19:30:49 2017-11-26T19:32:08 2017-11-26T19:33:26",6.78e-07,1.64e-07,-0.004076
102886,8,102887,"1000001-JPLUS-04395-v202202_J0410_swp",355.7469,33.898,5101,21.0892,0.0075,9,0.0477,0.0027,0.003,0.0,3,156.39,155.71,1.0,1.382,0.026,1.29234,1.40654,1.33597,2.70743,0.014659,0.5556,1973171537,"4dd697bafee7774199197570aa303674",384008053,890539098,21.086256,20.96052,22.022184,21.028732,6.544916,20.670082,4.904975,-0.0933594,0.00251768,,"[-2.501222178e-01, 7.613080014e-06,-4.813936432e-10, 6.768380111e-06,-2.088333932e-09, 1.122073556e-13,-3.809224338e-10, 9.076260331e-14,-4.530201611e-18]","2021-08-16T23:35:05 2021-08-16T23:36:25 2021-08-16T23:37:45",7.4e-08,1.791e-06,-0.009557
87480,3,87481,"1000001-JPLUS-01007-v202202_iSDSS_swp",186.6046,33.2276,7133,23.4226,0.0057,9,0.2053,0.0104,0.008,0.01,3,105.99,105.87,1.0,1.153,0.027,1.09874,1.17543,1.13088,3.34782,0.00785516,0.5556,1814400255,"f8a6129316ca26e8aa3457fca8ac4e86",911067585,629076008,21.99353,21.686842,22.748508,21.8752,6.0512934,21.468866,4.658358,-0.0983628,0.00198499,,"[-1.627423785e-01, 8.029479122e-07,-1.371641717e-10, 2.203368740e-06,-1.708210979e-10, 1.748430161e-14,-1.929072006e-10, 2.797006778e-14,-1.329528636e-18]","2019-03-27T01:07:00 2019-03-27T01:08:02 2019-03-27T01:09:05",6.82e-07,7.97e-07,-0.006613
95219,12,95222,"1000001-JPLUS-02517-v202202_J0861_swp",231.6192,55.5056,2844,21.6164,0.0067,9,0.1668,0.0061,0.01,0.01,3,117.51,117.43,1.0,0.951,0.034,0.959321,0.998291,0.991552,9.59574,0.0266079,0.5556,4135433587,"2ed1a0f8af7c9684a01fc32c78a0298b",1462238615,401235127,20.553764,20.104324,21.16599,20.495516,4.7237086,19.999733,4.219401,-0.0773085,0.00236202,,"[-1.129112796e-01,-3.830296049e-06, 1.323631998e-10,-1.210239492e-06, 1.390656347e-09,-6.851361975e-14,-3.456362903e-11,-3.399206069e-14, 2.337432063e-18]","2017-06-27T01:30:52 2017-06-27T01:32:00 2017-06-27T01:33:07",-1.471e-06,7.95e-07,0.002982
98514,10,98515,"1000001-JPLUS-03475-v202202_J0515_swp",0.6951,1.8733,4865,21.4609,0.0066,9,0.0494,0.0019,0.004,0.0,6,428.31,425.55,1.0,1.307,0.065,1.13747,1.35608,1.18513,2.44466,0.0304437,0.5556,1025205809,"aa7dfabd333d145198c5457dc3ef5d10",3987676691,3326370315,21.54631,21.290497,22.352163,21.326727,6.1261697,20.982147,4.2754087,-0.10191,0.00234392,,"[-2.213612955e-01, 9.619463557e-07,-3.413032829e-10, 3.531951955e-06,-9.233473521e-10, 8.742564587e-14,-2.556094102e-10, 6.717498390e-14,-4.384875820e-18]","2017-07-31T03:04:02 2017-07-31T03:05:10 2017-07-31T03:06:14 2017-08-14T00:59:06 2017-08-14T01:01:21 2017-08-14T01:03:34",-8.09e-07,1.726e-06,-0.005417
86380,8,86382,"1000001-JPLUS-00848-v202202_J0410_swp",107.4358,31.8352,1580,21.1955,0.0075,9,0.0584,0.0034,0.004,0.0,3,118.8,118.61,1.0,1.467,0.023,1.33789,1.46433,1.35672,2.19736,0.0180807,0.5556,3357294938,"04caf634d4f047dbb730c8f710928473",1455998326,3926050886,20.949785,20.840782,21.902449,20.848099,6.5193176,20.451881,5.0261745,-0.121382,0.00197173,,"[-3.013210877e-01, 1.732607632e-06,-2.575946424e-10, 2.882945191e-06, 1.767662595e-10, 1.509954880e-14,-2.404095214e-10, 1.853593681e-14,-1.283489938e-18]","2021-11-13T03:35:47 2021-11-13T03:36:54 2021-11-13T03:38:00",1.136e-06,1.704e-06,-0.013738
101794,10,101797,"1000001-JPLUS-04240-v202202_J0515_swp",25.6942,28.3285,536,21.5642,0.0066,9,0.063,0.0029,0.006,0.0,3,123.09,122.94,1.0,1.014,0.046,0.978862,1.06569,0.980267,2.86792,0.00438413,0.5556,1397083884,"b91850868d66bbd93c5f1aa37faaa86e",2692298343,2487658623,21.588331,21.126463,22.18813,21.308016,6.0944915,20.954334,5.240799,-0.0917922,0.00186867,,"[-1.694800776e-01,-3.362809313e-06, 1.998546377e-11, 7.252183950e-08, 2.067784018e-09,-1.018002855e-13,-5.673698720e-11,-7.666642882e-14, 4.362844806e-18]","2019-12-30T19:22:42 2019-12-30T19:23:51 2019-12-30T19:24:59",-1.09e-06,1.415e-06,-0.000986
99610,6,99611,"1000001-JPLUS-03589-v202202_J0378_swp",30.014,6.0505,4475,20.4497,0.012,9,0.0412,0.0018,0.004,0.0,3,217.8,217.49,1.0,1.568,0.053,1.37635,1.63677,1.39864,2.01386,0.0174085,0.5556,1222222720,"6f782896647d64cef61d42c2ccff3694",1036916799,3339464864,20.575535,20.499573,21.561237,20.422548,6.3170714,20.12871,4.459499,-0.140994,0.0048491,,"[-3.571753496e-01, 1.442635437e-06,-1.139813159e-10, 3.970966948e-06, 2.632336480e-09,-1.838847406e-13,-1.585046478e-10,-1.523976566e-13, 1.132208592e-17]","2017-11-26T19:42:02 2017-11-26T19:43:41 2017-11-26T19:45:20",2.574e-06,3.247e-06,-0.024682
102887,1,102887,"1000001-JPLUS-04395-v202202_rSDSS_swp",355.7469,33.898,5101,23.5231,0.0056,9,0.1901,0.0107,0.013,0.02,3,88.29,87.98,1.0,1.493,0.039,1.35998,1.65025,1.44804,2.9947,0.0136175,0.5556,4167347021,"969e3b2e8989c283d3ca0d26a52ecc02",929083799,558839547,21.918636,21.88036,22.942026,21.836485,6.4236703,21.487005,4.4071097,-0.113897,0.00269986,-0.113897 -0.10787 -0.115908 -0.110962 -0.0973021 -0.101797 -0.0989805 -0.0933594 -0.0904925 -0.0971554 -0.100164 -0.108267,"[-2.822746311e-01, 1.551914050e-05,-8.395207415e-10, 1.061931098e-05,-2.487773878e-09, 1.285420559e-13,-6.959529609e-10, 1.534180340e-13,-7.233163466e-18]","2021-08-16T23:39:08 2021-08-16T23:40:07 2021-08-16T23:41:03",-1.786e-06,1.219e-06,0.001923
99612,11,99611,"1000001-JPLUS-03589-v202202_J0660_swp",30.014,6.0505,4475,21.1104,0.0062,9,0.0467,0.0021,0.004,0.0,3,303.09,302.83,1.0,1.15,0.047,1.04238,1.13965,1.0704,2.57946,0.0130235,0.5556,1354470046,"e08ab324675466f936190f6abe85a25b",3448673765,2964123501,21.357885,20.991524,22.053188,21.14532,5.815735,20.773632,4.2161503,-0.111345,0.00133589,,"[-2.027295872e-01,-1.567803132e-06,-1.402338297e-11, 2.555741769e-06, 7.348878663e-10,-6.025204184e-14,-1.636258711e-10,-1.217297201e-14, 2.704272175e-18]","2017-11-26T19:47:07 2017-11-26T19:49:14 2017-11-26T19:51:21",3.147e-06,1.681e-06,-0.02174
99613,2,99611,"1000001-JPLUS-03589-v202202_gSDSS_swp",30.014,6.0505,4475,23.5769,0.006,9,0.2906,0.0111,0.018,0.02,3,71.61,71.6,1.0,1.258,0.03,1.13456,1.26817,1.14608,2.60308,0.0397169,0.5556,818290980,"3c6531302e0729d44b6c16ce894da33f",2647479034,2873607009,21.777767,21.485577,22.547241,21.619837,5.5155706,21.226713,5.1076756,-0.104843,0.00204516,,"[-2.255974833e-01, 2.064155823e-06,-2.432606543e-10, 4.723244795e-06, 1.716488057e-10,-7.781340460e-15,-2.423722204e-10, 1.566279358e-14,-1.153716496e-20]","2017-11-26T19:53:31 2017-11-26T19:54:22 2017-11-26T19:55:12",2.851e-06,1.16e-07,-0.014065
